AA, SS, Bin1, Bin2, Bin3, Bin4, Bin5, Bin6, Bin7, Bin8, Bin9, Bin10, Bin11, Bin12, Bin13, Bin14, Bin15, Bin16, Bin17, Bin18, Bin19, Bin20, Bin21, Bin22, Bin23, Bin24, Bin25, Bin26, Bin27, Bin28, Bin29, Bin30, Bin31, Bin32, Bin33, Bin34, Bin35, Bin36, Bin37, Bin38, Bin39, Bin40
1, 1, -0.531242, -0.252403, -0.228545, -0.0441763, 0.0733058, -0.111274, -0.0296218, -0.0250243, -0.1357, -0.0686614, 0.0364997, -0.131903, -0.0422814, 0.348512, 0.356605, 0.362236, 0.34828, 0.590374, 1.04435, 2.52017, 3.07076, 3.76998, 3.98082, 4.66232, 19.9929, 19.8707, 19.7271, 19.6666, 19.5334, 19.3709, 19.2157, 19.0984, 18.9039, 18.6773, 18.5205, 18.2742, 18.1174, 17.7852, 17.496, 18.6058
1, 2, -0.93605, -0.412915, -0.142108, -0.178267, 0.0897879, 0.410992, 0.472452, 0.672816, 0.846356, 0.54845, 1.03994, 0.981421, 1.19704, 1.4969, 1.75879, 2.09914, 2.52083, 2.34586, 2.64782, 2.20228, 2.9024, 3.13162, 5.22954, 5.12258, 18.8437, 18.7215, 18.5779, 18.5174, 18.3842, 18.2217, 18.0665, 17.9493, 17.7547, 17.5281, 17.3713, 17.125, 16.9682, 16.636, 16.3468, 17.4567
1, 3, 0.126662, -0.306974, -0.272131, -0.383194, -0.450528, -0.227669, -0.297035, -0.292532, -0.13597, -0.14718, -0.154808, -0.131664, -0.111081, 0.03184, -0.0982021, -0.179212, -0.122683, -0.269595, 0.00753159, 0.320584, 0.372601, 0.639087, 1.01741, 1.29571, 3.24155, 19.4998, 19.3562, 19.2957, 19.1625, 19, 18.8448, 18.7276, 18.533, 18.3064, 18.1496, 17.9033, 17.7465, 17.4143, 17.1251, 18.235
2, 1, 1.99048, 1.36416, 1.02106, 0.847047, 0.0505176, 0.227462, 0.433221, 0.391048, 0.336616, 0.406804, 0.218527, 0.00541067, 0.10236, -0.250443, -0.264296, -0.419561, -0.384896, -0.31643, -0.511726, -0.573932, -0.833819, -0.9024, -0.947431, -1.10615, -0.960854, -0.873435, -0.877303, -0.87449, -1.10006, -1.32466, -1.22352, -1.06812, -1.18589, -1.41628, -1.71414, -1.77683, -2.00599, -2.00023, -1.68503, -1.78106
2, 2, 1.15412, 0.651665, 0.414691, 0.416239, 0.174378, 0.318393, 0.208274, 0.0372593, -0.142794, -0.253415, -0.0460851, -0.156855, -0.248182, -0.165015, -0.227347, -0.292169, -0.422563, -0.489865, -0.545999, -0.542157, -0.572614, -0.61096, -0.537654, -0.435857, -0.653298, -0.748824, -0.728344, -0.743248, -0.725555, -0.691724, -0.726806, -0.755068, -0.877331, -0.593106, -0.886015, -0.68036, -1.04296, -1.22486, -0.898892, -1.45677
2, 3, 2.00809, 1.0904, 0.786178, 0.708501, 0.607779, 0.475935, 0.34436, 0.206907, 0.261387, 0.0635656, -0.0251215, 0.2374, 0.0989997, 0.0905521, -0.0576999, -0.144178, -0.0807778, -0.209722, -0.372641, -0.635371, -0.586636, -0.433158, -0.726228, -0.818398, -0.865105, -0.882373, -1.04958, -1.08868, -1.18207, -1.30558, -1.44665, -1.58035, -1.66123, -1.46387, -1.65215, -1.80084, -2.05134, -2.07619, -2.20507, -2.93352
3, 1, 0.791058, 0.58396, 0.256148, 0.189558, -0.0351164, 0.262673, -0.0972802, 0.0337456, -0.209176, 0.0893822, -0.0260476, -0.0833854, -0.0476312, -0.135467, -0.246285, -0.325423, -0.496073, -0.931934, -0.888178, -0.486825, -0.345541, -0.857264, -1.13889, -0.925543, -0.676283, -0.09811, 0.0605413, 0.170652, 0.364735, 0.745808, 0.878264, 1.75431, 1.9164, 2.5371, 3.47893, 17.0481, 16.8914, 16.5592, 16.27, 17.3798
3, 2, -0.0157213, -0.00528265, -0.147113, -0.0457857, -0.275903, -0.401699, -0.0394759, -0.0456874, -0.10672, -0.111372, -0.0302041, -0.0395349, 0.180012, 0.259275, -0.114549, -0.0468181, -0.367784, -0.226233, -0.0273977, 0.0680846, -0.00919927, 0.146991, 0.135976, 0.311585, 0.347825, 0.690993, 0.624325, 1.07464, 2.04012, 1.28979, 1.72235, 1.82828, 2.32685, 1.69478, 16.4521, 16.2058, 16.0491, 15.7169, 15.4276, 16.5375
3, 3, 1.05654, 0.461858, 0.440875, 0.324225, 0.093479, 0.0998137, 0.190208, 0.117926, -0.0306087, -0.108743, -0.181188, -0.111152, -0.162539, -0.365349, -0.346546, -0.291173, -0.408408, -0.46223, -0.375735, -0.451382, -0.45879, -0.507405, -0.552462, -0.650085, -0.784677, -0.719131, -0.816887, -0.877401, -0.959463, -0.875385, -0.866513, -0.953938, -0.618126, -0.487486, -0.335648, 0.0228765, 1.2956, 2.18719, 17.3229, 18.4328
4, 1, 1.41243, 0.983416, 0.702303, 0.417515, 0.100664, 0.309476, 0.0937349, -0.407563, 0.129952, 0.0838682, -0.0612366, -0.247152, -0.431797, -0.34424, -0.557725, -0.634875, -0.68537, -0.754675, -0.700097, -0.783483, -0.782904, -0.90855, -0.820438, -0.778907, -0.885076, -0.727371, -0.665149, -0.502519, 0.106288, 0.400504, 0.838341, 1.20071, 1.55617, 1.73503, 1.93493, 2.5359, 17.2933, 16.9611, 16.6719, 17.7817
4, 2, 0.256152, 0.00850106, -0.130296, -0.206539, -0.112895, -0.433806, -0.258974, -0.367416, -0.235031, -0.228376, -0.239298, -0.144219, -0.141132, -0.255687, -0.0680872, 0.00151414, -0.102046, -0.126224, -0.0620711, 0.22328, 0.168986, 0.405983, 0.291171, 0.333249, 0.73786, 0.615665, 0.36081, 0.679785, 0.626697, -0.365124, 0.268107, 1.42386, 0.977965, 1.84998, 16.6073, 16.361, 16.2042, 15.8721, 15.5828, 16.6927
4, 3, 1.20966, 0.57786, 0.504278, 0.419806, 0.370994, 0.136046, 0.179639, 0.0591377, -0.149434, -0.182145, -0.2418, -0.433226, -0.411015, -0.487191, -0.479049, -0.48958, -0.463748, -0.472529, -0.602984, -0.62128, -0.620818, -0.524722, -0.480707, -0.472649, -0.559539, -0.543538, -0.57136, -0.61065, -0.679021, -0.685651, -0.576247, -0.62408, -0.575933, -0.32296, -0.0319699, 0.433539, 1.20256, 3.22176, 17.4412, 18.551
5, 1, -0.932062, -0.380174, 0.0992571, -0.337451, -0.161411, 0.313494, 0.497825, 0.44134, 0.672014, 0.960284, 0.564565, 1.28281, 1.83039, 2.59322, 2.39835, 1.51192, 2.2954, 2.48953, 2.18877, 3.19324, 3.08244, 2.51314, 17.8388, 3.91632, 17.6374, 17.5153, 17.3716, 17.3111, 17.178, 17.0154, 16.8602, 16.743, 16.5484, 16.3218, 16.165, 15.9187, 15.762, 15.4298, 15.1406, 16.2504
5, 2, -0.916474, -0.510091, -0.200681, -0.0283078, 0.161048, 0.0653929, 0.445442, 0.485978, 0.66726, 0.852345, 0.763906, 1.49317, 1.13249, 1.48986, 1.49978, 2.35446, 2.87843, 4.43068, 3.28263, 3.59395, 2.38453, 2.73153, 17.834, 17.7271, 3.81718, 17.5105, 17.3669, 17.3064, 17.1732, 17.0107, 16.8555, 16.7382, 16.5437, 16.3171, 16.1603, 15.914, 15.7572, 15.425, 15.1358, 16.2456
5, 3, -0.436674, -0.687352, -0.704795, -0.58614, -0.695275, -0.505403, 0.136919, 0.149464, 0.172989, 0.463606, 0.548111, 0.793641, 0.901221, 1.03389, 1.17666, 1.58484, 2.04909, 2.35481, 1.52261, 1.98808, 2.9271, 1.77002, 2.15029, 1.83569, 2.90446, 4.3917, 2.86178, 3.08895, 17.8699, 17.7074, 17.5522, 17.435, 17.2404, 17.0138, 16.857, 16.6107, 16.4539, 16.1217, 15.8325, 16.9424
6, 1, 1.26234, 0.763666, 0.678798, 0.37221, 0.299863, 0.270464, 0.346053, 0.225015, 0.23809, 0.0181469, 0.0128151, -0.427761, -0.338183, -0.239409, -0.311072, -0.263027, -0.401239, -0.563047, -0.958849, -1.04358, -0.832227, -0.769439, -0.717966, -0.785617, -0.678337, -0.861317, -0.797701, -0.554635, -0.66179, -0.693304, -0.662201, -0.429596, -0.69032, -0.308114, -0.0955306, 0.289411, 1.15432, 1.63306, 0.532914, 3.14682
6, 2, 0.62274, 0.12526, -0.132944, -0.121097, 0.108268, 0.0701607, -0.166006, -0.0462084, 0.0892657, 0.0127199, -0.11935, -0.208193, -0.214208, -0.247709, -0.272533, -0.386817, -0.486197, -0.361932, -0.374039, -0.457248, -0.407473, -0.305317, -0.373853, -0.407903, -0.0669662, -0.367144, -0.23748, -0.192634, -0.0327773, 0.358991, 0.364107, 0.33787, 1.39605, 1.16945, 0.501846, 1.86495, 16.2169, 1.37603, 1.77995, 2.19664
6, 3, 1.55569, 0.971801, 0.88905, 0.699672, 0.61478, 0.501919, 0.644653, 0.531297, 0.124314, -0.114697, -0.0536649, -0.104744, -0.120588, -0.0727322, -0.0816163, -0.283267, -0.56381, -0.660463, -0.526966, -0.555822, -0.837643, -1.12393, -0.922595, -0.975985, -0.887665, -1.00986, -1.12108, -1.0644, -0.942807, -1.03465, -1.03144, -1.03033, -0.998141, -1.13608, -1.19555, -1.0652, -1.34209, -1.3149, -1.25129, -0.621037
7, 1, 1.80215, 1.22842, 0.980164, 0.842088, 0.733909, 0.651995, 0.422795, 0.104417, 0.163895, 0.149799, 0.02535, -0.0355159, -0.242038, -0.36243, -0.420258, -0.442447, -0.546802, -0.62619, -0.731478, -0.9186, -0.937221, -0.911647, -0.962945, -0.978411, -0.919971, -1.03047, -1.11222, -1.11874, -1.00432, -1.02533, -1.06933, -0.968282, -1.03589, -0.925406, -0.652726, -0.225581, 0.406131, 0.921245, 0.295554, 1.81085
7, 2, 0.780947, 0.622685, 0.312479, 0.294028, 0.239381, 0.0511531, 0.0671862, -0.0602921, -0.323388, -0.216768, -0.18152, -0.24572, -0.266025, -0.171336, -0.248428, -0.354785, -0.275743, -0.500256, -0.602653, -0.57182, -0.550949, -0.656441, -0.569886, -0.628904, -0.639515, -0.557798, -0.413745, -0.338458, -0.471589, -0.251139, 0.0824817, 0.210395, 0.341233, 0.733673, 0.12491, 0.13641, 1.02112, 16.2962, 2.19147, 1.50955
7, 3, 2.03369, 1.31699, 1.16737, 1.09735, 0.977749, 1.04263, 0.761034, 0.602727, 0.334055, 0.0841591, 0.342852, 0.191083, -0.0312734, 0.00633432, -0.183417, -0.373433, -0.395831, -0.349623, -0.621908, -0.709975, -0.835292, -0.844549, -0.987046, -1.04576, -1.07872, -1.16943, -1.23498, -1.21896, -1.3291, -1.45441, -1.40147, -1.46638, -1.5012, -1.61395, -1.81951, -1.89854, -2.03183, -1.9653, -1.92208, -1.31601
8, 1, -0.672726, -0.163006, -0.234504, -0.236871, -0.0817357, -0.35168, -0.764687, -0.404261, -0.0848671, 0.300043, 0.698286, 0.970737, 0.936236, 0.838049, 1.38851, 2.16031, 2.2932, 4.67836, 5.32206, 19.0434, 18.9326, 18.8742, 18.7749, 18.6679, 18.5735, 18.4513, 18.3077, 18.2472, 18.114, 17.9515, 17.7963, 17.6791, 17.4845, 17.2579, 17.1011, 16.8548, 16.698, 16.3658, 16.0766, 17.1865
8, 2, -0.917422, -0.406292, -0.404969, -0.663684, -0.0433044, 0.083608, 0.349202, 0.774842, 1.18827, 1.82467, 1.70874, 2.31786, 1.9282, 2.65939, 2.37099, 2.43194, 4.21395, 3.86908, 19.0214, 18.9273, 18.8165, 18.758, 18.6587, 18.5518, 18.4574, 18.3352, 18.1916, 18.131, 17.9979, 17.8354, 17.6801, 17.5629, 17.3684, 17.1418, 16.985, 16.7386, 16.5819, 16.2497, 15.9605, 17.0703
8, 3, 0.154716, -0.168323, -0.301871, -0.436937, -0.457511, -0.528015, -0.5297, -0.527109, -0.462398, -0.456398, -0.489541, -0.379421, -0.361156, -0.374727, -0.040438, 0.226909, 0.35969, 0.801557, 1.92535, 4.00704, 20.7563, 20.6978, 20.5985, 20.4915, 20.3972, 20.275, 20.1313, 20.0708, 19.9377, 19.7751, 19.6199, 19.5027, 19.3081, 19.0815, 18.9247, 18.6784, 18.5217, 18.1895, 17.9003, 19.0101
9, 1, 0.449094, 0.20647, 0.102623, 0.126961, 0.0180439, 0.243582, 0.00482305, -0.244335, -0.333766, -0.526311, -0.500122, -0.379449, -0.294953, -0.562805, -0.353418, -0.0178563, -0.0886452, -0.193296, -0.236095, -0.0731888, -0.313207, -0.251046, 0.029794, 0.115208, 0.24019, 0.424726, 0.0734569, 0.146474, 0.224653, 0.0331226, 0.255191, 0.482822, 0.636545, 0.255794, 0.946315, 0.882306, 1.64185, 15.8183, 15.5291, 16.6389
9, 2, -0.0363831, -0.1666, -0.139412, -0.0712522, -0.191101, -0.269874, -0.956938, -0.144328, 0.0429674, 0.053084, -0.0884557, -0.0393796, 0.192875, 0.092118, 0.289463, 0.373391, 0.274479, 0.228856, 0.167851, 0.349966, 0.152148, 0.400055, 0.300748, 0.553164, 0.891648, 0.513519, 0.970664, 1.44078, 0.837644, 0.88274, 1.09524, 1.3835, 1.37123, 2.06092, 1.49868, 1.65782, 1.09561, 0.763423, 15.3883, 2.68265
9, 3, 0.775837, 0.105772, -0.0620386, 0.020969, 0.197635, -0.187822, -0.137484, -0.0617996, -0.206009, -0.112436, -0.190651, -0.0918502, 0.0124461, -0.0831869, 0.0390537, -0.0254879, -0.0928861, -0.028709, 0.00155344, 0.0230169, -0.0779374, -0.131442, -0.0394317, -0.0778267, -0.381056, -0.803937, -0.662465, -0.498546, -0.529894, -0.761429, -1.04182, -1.35111, -1.22176, -1.41423, -1.02003, -0.458438, -0.741935, -0.109038, -0.51604, 0.776113
10, 1, -0.682532, -0.613199, -0.50144, -0.0573149, -0.121602, -0.0884689, 0.285025, 0.226506, 0.544191, 0.616458, 0.544437, 0.64828, 0.998787, 1.30795, 1.39338, 1.37978, 1.21752, 0.498935, 1.35775, 1.30443, 1.35125, 1.82831, 1.61122, 2.16104, 2.62627, 2.38629, 2.56809, 2.36447, 2.37444, 3.39056, 3.23533, 4.50441, 3.61668, 17.8987, 3.92645, 17.4956, 17.3389, 17.0067, 16.7175, 17.8273
10, 2, -0.884843, -0.497483, 0.0050609, 0.0607387, 0.194953, 0.398873, 0.276272, 0.410157, 0.718658, 0.80728, 0.820981, 0.935827, 1.1038, 1.16885, 1.28778, 1.39962, 1.34324, 1.17326, 1.50948, 1.70958, 1.73985, 1.97922, 2.13414, 2.08125, 2.57466, 2.96329, 3.22512, 2.94147, 3.31916, 3.00247, 3.69454, 3.57733, 3.78821, 3.15615, 4.09798, 3.85165, 3.69491, 17.1782, 16.889, 17.9988
10, 3, -0.109319, -0.529798, -0.514218, -0.408415, -0.434676, -0.195224, -0.280113, -0.365298, 0.107957, 0.214034, 0.222397, 0.196718, 0.224155, 0.575811, 0.553981, 0.481327, 0.540109, 0.689132, 0.686571, 0.537945, 0.389959, 0.907667, 1.16318, 0.886325, 0.925476, 1.02197, 0.947333, 0.774341, 0.827797, 0.745297, 0.3894, 0.418794, 0.427809, 0.499702, 1.08052, 0.834194, 1.46591, 2.05001, 16.2695, 17.3793
11, 1, -0.754903, -0.29173, -0.311394, -0.0878561, 0.0409863, 0.157917, 0.338353, 0.338139, 0.307662, 0.52867, 0.703722, 0.640975, 0.60972, 0.557828, 0.76668, 1.00601, 1.06573, 1.25443, 1.25489, 1.44998, 1.41663, 1.43486, 1.30698, 1.48302, 1.88708, 1.8284, 1.967, 2.36783, 2.30616, 2.2614, 2.51164, 2.1225, 2.66985, 3.64722, 2.97962, 4.34273, 18.0015, 17.6693, 17.3801, 18.4899
11, 2, -0.866359, -0.277937, -0.0244834, 0.0446229, 0.212637, 0.266932, 0.352319, 0.623535, 0.575748, 0.67534, 0.725451, 0.825615, 0.964456, 0.741402, 0.549707, 0.830622, 1.04286, 1.03302, 1.30203, 1.52947, 1.67988, 1.91408, 1.92014, 2.09348, 2.43442, 2.51289, 2.48705, 2.89654, 3.45655, 2.95754, 3.36193, 3.5324, 3.33782, 4.20983, 3.35991, 17.6222, 3.64998, 3.3178, 16.8441, 17.9539
11, 3, 0.00977518, -0.517939, -0.504623, -0.443057, -0.220098, -0.208579, -0.218539, -0.126715, -0.0604204, 0.137084, 0.0509466, -0.206299, -0.0866286, -0.0476006, 0.186184, 0.445623, 0.556852, 0.538077, 0.695346, 0.779095, 0.770703, 0.549717, 0.574463, 0.875331, 1.06627, 0.811725, 1.04505, 0.870772, 0.665071, 0.641791, 0.732965, 0.774821, 0.85649, 0.585438, 0.568423, 0.609775, 0.558391, 1.12415, 1.15338, 18.1582
12, 1, 2.79321, 2.17894, 1.66491, 1.41291, 1.36006, 1.19863, 0.912105, 0.702277, 0.230792, 0.104815, 0.038725, -0.102501, -0.0567643, -0.136259, -0.222437, -0.319301, -0.530279, -0.659539, -0.823605, -0.86484, -1.01713, -1.10862, -1.06087, -1.05695, -1.0341, -1.13493, -1.28363, -1.51672, -1.5609, -1.41698, -1.36007, -1.35705, -1.40224, -1.53225, -1.23745, -1.38136, -1.23727, -1.16729, -0.773214, 0.225391
12, 2, 2.23919, 1.54485, 1.27921, 0.876505, 0.754687, 0.618511, 0.718957, 0.552191, 0.314229, 0.061741, -0.00625008, -0.197742, -0.423579, -0.647342, -0.727779, -0.617756, -0.667918, -0.780512, -0.857456, -0.778274, -0.851836, -0.89001, -1.03604, -0.930669, -1.1792, -1.32867, -0.995998, -0.908958, -0.802067, -0.778023, -0.654078, -0.554479, -0.369574, -0.271934, -0.133912, -0.380242, 0.0739227, 0.121228, -0.311092, 0.616418
12, 3, 3.1645, 2.56061, 2.00189, 1.68172, 1.6602, 1.56263, 1.21749, 1.03049, 0.815744, 0.49796, 0.438508, 0.302355, 0.174572, 0.0506856, -0.146164, -0.346357, -0.51688, -0.484771, -0.61418, -0.839856, -0.861333, -0.867229, -0.896935, -1.01399, -1.17824, -1.27384, -1.42418, -1.54948, -1.57186, -1.53817, -1.74444, -1.78219, -1.87113, -1.89116, -1.99881, -2.13698, -2.01865, -2.19404, -2.34796, -2.10888
13, 1, -0.683584, -0.0926491, -0.0182871, 0.0291745, -0.236228, -0.192388, 0.21093, 0.283837, 0.334844, 0.289175, -0.161276, 0.41441, 0.663141, 0.794089, 0.83478, 1.00329, 0.992111, 1.11186, 1.06241, 1.38184, 1.09278, 1.14195, 1.56873, 1.31867, 1.12898, 1.00679, 1.14079, 1.08028, 1.22158, 1.70089, 1.45036, 1.33315, 1.45702, 1.92357, 2.05447, 16.7223, 2.75001, 16.2333, 2.1286, 2.54529
13, 2, -0.824446, -0.366121, -0.0182485, 0.239684, 0.393648, 0.219014, 0.168401, 0.446436, 0.396333, 0.579482, 0.657343, 0.873602, 1.01045, 0.755359, 0.811798, 0.926817, 1.07431, 1.01712, 0.856452, 1.0677, 1.34465, 1.52258, 1.49226, 1.3853, 1.73276, 2.19835, 1.8724, 1.65773, 1.86107, 0.910074, 3.15274, 2.34239, 2.84095, 2.61435, 1.76443, 16.0268, 15.87, 15.5378, 15.2486, 16.3584
13, 3, -0.185182, -0.392002, -0.326398, -0.274089, -0.0219909, -0.0299463, -0.0287298, -0.0435343, -0.00474612, 0.0536291, 0.305242, 0.251591, 0.525611, 0.40383, 0.177992, 0.462408, 0.398588, 0.553374, 0.621713, 0.735214, 0.498114, 0.40631, 0.505854, 0.267868, 0.156096, 0.1431, 0.144052, -0.00162057, -0.154953, 0.227231, 0.143464, 0.103216, -0.00798646, -0.190135, -0.0284581, 0.706041, -0.0568393, -0.630185, 0.110215, 1.03772
14, 1, -0.589498, -0.407443, -0.542164, -0.0730737, -0.0482478, 0.100051, -0.277664, 0.0887386, 0.0277065, 0.371883, 0.658383, 0.825852, 0.713975, 0.697457, 0.552045, 0.213508, 1.55718, 1.5438, 1.71007, 1.47778, 1.66546, 1.46535, 1.67277, 1.56581, 1.80279, 1.79392, 1.53696, 1.81292, 1.67979, 1.07899, 2.05517, 1.46796, 1.27337, 0.986149, 1.36, 1.21903, 2.1609, 2.23418, 1.25181, 2.64933
14, 2, -0.767879, -0.446687, -0.2211, -0.240828, 0.0353845, 0.0200279, 0.308343, 0.521078, 0.46407, 0.53793, 0.570196, 0.777158, 1.07127, 0.953177, 1.18896, 1.29214, 1.25213, 1.55335, 1.42121, 1.44485, 1.4882, 1.58736, 1.51275, 1.45708, 1.66808, 1.54589, 1.96187, 2.03489, 1.97587, 2.29883, 2.02582, 3.00723, 2.81264, 2.07522, 2.42927, 17.0971, 16.9403, 2.79262, 1.81025, 2.51462
14, 3, 0.0182939, -0.506473, -0.587692, -0.458439, -0.393856, -0.257994, -0.195855, -0.229349, -0.206841, -0.0492895, 0.068644, 0.176469, 0.340914, 0.361806, 0.438865, 0.409035, 0.512694, 0.786473, 0.877175, 0.635227, 0.784497, 0.830291, 0.872396, 0.872206, 0.89737, 0.807437, 0.615798, 0.762923, 0.774374, 0.506471, 0.549695, 0.482497, 0.425114, 0.169526, 0.623658, -0.143969, -0.0130312, -0.425258, -0.02133, -0.0601216
15, 1, 0.486966, 0.32391, 0.36162, 0.180672, 0.221904, 0.0750381, 0.0811209, 0.100706, -0.0760103, -0.25587, -0.766494, -0.39982, -0.384727, -0.302376, -0.434935, -0.729768, -0.694091, -0.500839, -0.759897, -0.742245, -0.499954, -0.297586, -0.314088, 0.663281, 0.892687, 1.81195, 2.54379, 2.1468, 17.7751, 17.6125, 17.4573, 17.3401, 17.1455, 16.9189, 16.7622, 16.5158, 16.3591, 16.0269, 15.7377, 16.8475
15, 2, -0.153685, -0.117115, -0.0638587, -0.00232174, -0.057908, 0.0407988, -0.0668774, 0.144693, -0.12831, -0.104244, -0.0943181, -0.306988, -0.339562, -0.243492, -0.249967, -0.371016, 0.0284484, 0.0263244, 0.185972, 0.0918333, 0.158708, 0.316464, 0.811864, 0.838438, 1.59135, 1.87463, 16.9328, 16.8723, 2.92365, 16.5766, 16.4214, 16.3042, 16.1096, 15.883, 15.7262, 15.4799, 15.3231, 14.991, 14.7017, 15.8116
15, 3, 0.642895, 0.24298, 0.00464785, 0.0748316, -0.0360154, -0.127263, -0.0692009, -0.0974287, -0.257917, -0.303957, -0.405358, -0.322577, -0.334234, -0.284168, -0.320923, -0.437673, -0.381841, -0.309814, -0.359258, -0.466717, -0.438848, -0.324718, -0.353188, -0.407539, -0.377729, 0.0941634, 0.216497, 0.321263, 1.03543, 2.18661, 4.15165, 18.9486, 18.754, 18.5274, 18.3706, 18.1243, 17.9675, 17.6353, 17.3461, 18.456
16, 1, 0.0314596, -0.0538362, 0.0543747, 0.00954724, 0.0656024, 0.0822184, 0.0295247, -0.0683494, -0.226694, -0.312193, -0.319092, -0.183271, -0.294539, -0.347706, -0.773213, -0.546361, -0.518568, -0.202064, -0.0825027, 0.00758688, 0.277739, 0.688159, 1.35611, 2.63544, 2.90879, 4.29067, 3.23075, 4.77967, 18.4621, 18.2995, 18.1443, 18.0271, 17.8325, 17.6059, 17.4491, 17.2028, 17.046, 16.7139, 16.4246, 17.5345
16, 2, -0.305008, -0.196083, -0.208698, -0.205609, -0.175447, -0.161974, -0.190738, -0.197888, -0.332012, -0.310912, -0.143407, -0.383036, -0.187185, -0.204028, 0.0491215, 0.499954, 0.74336, 0.991558, 1.08247, 1.72344, 1.83578, 2.47046, 2.23762, 2.60067, 2.03628, 2.89492, 2.93361, 3.38392, 18.1649, 18.0024, 17.8471, 17.7299, 17.5354, 17.3088, 17.152, 16.9056, 16.7489, 16.4167, 16.1275, 17.2373
16, 3, 0.447862, 0.154903, 0.0130562, -0.170072, -0.168233, -0.0807806, -0.174265, -0.360945, -0.445508, -0.387568, -0.365027, -0.278911, -0.292997, -0.204019, -0.286695, -0.2412, -0.192418, -0.246691, -0.257497, -0.286963, -0.283751, -0.184235, -0.014081, 0.0860311, 0.232605, 0.366706, 0.786445, 1.62268, 2.90863, 19.2696, 19.1144, 18.9972, 18.8026, 18.576, 18.4193, 18.1729, 18.0162, 17.684, 17.3948, 18.5046
17, 1, -0.0486903, 0.143618, 0.181918, 0.100354, -0.168729, 0.0147744, 0.0293678, -0.276702, -0.314439, -0.411673, -0.19029, -0.0477774, -0.0669868, -0.0430028, -0.0446367, -0.193713, -0.436621, -0.295157, -0.160797, -0.0070066, 0.239405, 0.3207, 0.517443, 0.0836636, -0.270748, 0.878689, 2.63218, 2.82298, 3.53715, 4.47322, 18.1335, 18.0163, 17.8217, 17.5951, 17.4383, 17.192, 17.0353, 16.7031, 16.4139, 17.5237
17, 2, -0.0954655, -0.0791178, -0.113331, -0.0893909, -0.265053, -0.255894, -0.341231, -0.285299, -0.15175, -0.193947, -0.152449, -0.170761, -0.200607, -0.252636, -0.199367, -0.240606, -0.144999, -0.00643816, 0.322914, 0.674515, 1.03646, 1.37797, 1.49772, 1.78608, 2.54914, 1.7338, 2.72515, 2.02865, 2.42615, 3.1799, 3.71782, 18.1093, 17.9147, 17.6881, 17.5313, 17.285, 17.1282, 16.796, 16.5068, 17.6167
17, 3, 0.673497, 0.0240257, 0.00741245, 0.0943587, -0.0400474, -0.226353, -0.140424, -0.108131, -0.14694, -0.312116, -0.143346, -0.275935, -0.418, -0.564609, -0.492554, -0.430918, -0.372565, -0.289378, -0.272413, -0.15149, -0.077495, -0.311432, -0.37576, -0.156548, -0.0505069, -0.025377, 0.199071, 0.492614, 0.413188, 0.70559, 1.35858, 1.1263, 2.36246, 18.3493, 18.1925, 17.9462, 17.7894, 17.4572, 17.168, 18.2778
18, 1, -0.0323584, -0.364864, -0.602283, -1.01281, -0.334968, -0.112436, -0.245036, -0.134049, 0.0622536, -0.39946, -0.469982, 0.20441, 0.653013, 0.860248, 0.82512, 0.97404, 1.09946, 0.906146, 1.22645, 1.13231, 1.16258, 1.0171, 1.28244, 0.99316, 1.46676, 1.08674, 1.3951, 1.33458, 0.950136, 1.19306, 0.883682, 0.572317, 1.1315, 1.37491, 2.13442, 0.635329, 0.815056, 0.0128689, 0.0113316, -0.848278
18, 2, -0.240614, -0.282352, -0.454648, -0.128072, -0.336108, -0.0659393, -0.0764775, -0.0929839, -0.0898541, -0.0940348, 0.0131782, 0.354819, 0.150395, 0.280531, 0.42411, 0.448694, 0.604733, 0.808276, 0.31852, -0.0495077, 0.260899, 0.849059, 0.582698, 0.961248, 1.0004, 1.21468, 1.3812, 1.01053, 1.0205, 1.12032, 0.559633, 0.847889, 2.26274, 2.72929, 0.963076, 0.939889, 1.07083, 1.83725, 0.854888, 0.578425
18, 3, 0.42828, -0.10677, -0.324325, -0.343936, -0.276766, -0.374241, -0.235561, -0.405965, -0.647123, -0.369664, -0.0305206, -0.188902, -0.00947348, 0.0931109, 0.327958, 0.315977, 0.233974, 0.213492, 0.272528, 0.6652, 0.700105, 0.530413, 0.379812, 0.104519, 0.609257, 0.218798, 0.269325, 0.420119, 0.481145, 0.067288, 0.276705, 0.242877, -0.31272, 0.0127488, -0.144028, -0.0108688, -0.435877, -0.573905, -0.526652, -1.60287
19, 1, 0.0157726, -0.263904, -0.201394, -0.231755, -0.211983, -0.267557, -0.485384, -0.33974, -0.189136, -0.019323, -0.0582762, -0.329277, -0.203168, 0.158513, 0.404019, 0.617653, 0.607537, 0.636738, 0.625613, 0.850905, 0.647725, 0.495732, 0.509753, 0.475366, 0.204055, 0.127951, 0.241041, 0.94966, 0.603968, 0.34033, 0.204522, 0.974616, 1.1165, 0.653515, 0.550805, 0.304475, 0.330052, -0.552178, 0.470789, 0.530798
19, 2, -0.0667011, -0.270568, -0.280474, -0.394636, -0.339478, -0.559356, -0.593329, -0.380224, -0.0845808, -0.0993288, 0.0443711, 0.185545, 0.202497, 0.439903, 0.497585, 0.42422, 0.58595, 0.56558, 0.686035, 0.562697, 0.713535, 0.89708, 0.821871, 1.04409, 0.657804, 0.73067, 0.736076, 1.01203, 0.956865, 1.00404, 0.816027, 1.42475, 1.16563, 0.767182, 1.15695, 1.69908, 1.54233, 1.02783, 0.584456, 0.806984
19, 3, 0.733499, 0.0496456, -0.0802988, -0.303521, -0.598599, -0.373745, -0.378758, -0.330704, -0.289899, -0.262575, -0.242312, -0.0984262, -0.00987321, 0.0978003, -0.179199, -0.297667, 0.111912, 0.245246, 0.151529, 0.0732639, 0.274432, 0.215965, 0.295706, 0.175761, 0.0249393, -0.0472452, 0.122783, 0.0109751, -0.0620511, 0.0601429, -0.267553, -0.151668, -0.15388, -0.43932, -0.298846, -0.231518, -0.439556, 0.35219, -0.773278, -1.23206
20, 1, -0.724874, -0.547195, -0.0575593, 0.071729, 0.067125, -0.294673, -0.0504087, 0.291931, 0.471385, 0.639237, 0.583631, 0.955771, 1.0505, 1.14, 0.997063, 0.799587, 0.954735, 0.70831, 0.646017, 0.835314, 1.31569, 1.93017, 1.85106, 2.30372, 2.40605, 2.58614, 5.27572, 3.82891, 5.08208, 4.91953, 4.76431, 18.4626, 18.268, 18.0414, 17.8846, 17.6383, 17.4816, 17.1494, 16.8602, 17.97
20, 2, -0.852839, -0.284732, -0.135357, -0.0362331, 0.142634, 0.208818, 0.236826, 0.386179, 0.528311, 0.584338, 0.63085, 0.774774, 0.708938, 0.801815, 1.00696, 1.07077, 1.10387, 1.28544, 1.69039, 1.96693, 2.13529, 2.628, 2.68776, 2.72922, 2.96335, 3.33363, 3.64198, 3.91794, 4.29564, 4.53856, 18.892, 4.95927, 18.5802, 18.3536, 18.1968, 17.9505, 17.7937, 17.4616, 17.1723, 18.2822
20, 3, 0.0391378, -0.380729, -0.385316, -0.468153, -0.366465, -0.242256, -0.25115, -0.200609, 0.000129427, 0.0272755, -0.0734892, 0.023572, -0.0980418, 0.00332525, 0.124952, 0.112996, 0.312366, 0.199419, 0.268606, 0.309089, 0.455855, 0.668263, 0.703546, 0.792562, 0.719015, 0.535577, 1.11525, 0.852209, 1.44613, 1.31868, 1.36016, 1.89354, 2.57442, 17.7728, 17.616, 17.3697, 17.2129, 16.8807, 16.5915, 17.7013
